<?xml version="1.0" encoding="UTF-8"?>
<project-private xmlns="http://www.netbeans.org/ns/project-private/1">
    <editor-bookmarks xmlns="http://www.netbeans.org/ns/editor-bookmarks/2" lastBookmarkId="0"/>
    <open-files xmlns="http://www.netbeans.org/ns/projectui-open-files/2">
        <group>
            <file>file:/Users/snehaalluri/Downloads/Lab_6/Lab_6_Skeleton/src/analytics/UserMapComparator.java</file>
            <file>file:/Users/snehaalluri/Downloads/Lab_6/Lab_6_Skeleton/src/data/DataGenerator.java</file>
            <file>file:/Users/snehaalluri/Downloads/Lab_6/Lab_6_Skeleton/src/model/User.java</file>
            <file>file:/Users/snehaalluri/Downloads/Lab_6/Lab_6_Skeleton/src/analytics/AnalysisHelper.java</file>
            <file>file:/Users/snehaalluri/Downloads/Lab_6/Lab_6_Skeleton/src/data/DataReader.java</file>
            <file>file:/Users/snehaalluri/Downloads/Lab_6/Lab_6_Skeleton/src/main/Lab_6_Main.java</file>
            <file>file:/Users/snehaalluri/Downloads/Lab_6/Lab_6_Skeleton/src/model/Comment.java</file>
            <file>file:/Users/snehaalluri/Downloads/Lab_6/Lab_6_Skeleton/src/model/Post.java</file>
            <file>file:/Users/snehaalluri/Downloads/Lab_6/Lab_6_Skeleton/src/data/DataStore.java</file>
        </group>
    </open-files>
</project-private>
